{"count":1,"self":16.4957808,"total":17.8364574,"children":{"InitializeActuators":{"count":9,"self":0.0010004999999999999,"total":0.0010004999999999999,"children":null},"InitializeSensors":{"count":9,"self":0.0010003,"total":0.0010003,"children":null},"AgentSendState":{"count":665,"self":0.012015999999999999,"total":0.0390115,"children":{"CollectObservations":{"count":5985,"self":0.0059943999999999996,"total":0.0059943999999999996,"children":null},"WriteActionMask":{"count":5985,"self":0.0029973,"total":0.0029973,"children":null},"RequestDecision":{"count":5985,"self":0.0180038,"total":0.0180038,"children":null}}},"DecideAction":{"count":665,"self":1.2836436999999998,"total":1.2836436999999998,"children":null},"AgentAct":{"count":665,"self":0.015019699999999999,"total":0.015019699999999999,"children":null}},"gauges":{"MoveToGoal.CumulativeReward":{"count":298,"max":0.09600003,"min":0.002000047,"runningAverage":0.0207550414,"value":0.0220000278,"weightedAverage":0.0228476748}},"metadata":{"timer_format_version":"0.1.0","start_time_seconds":"1700220180","unity_version":"2021.3.26f1","command_line_arguments":"C:\\Program Files\\Unity\\Hub\\Editor\\2021.3.26f1\\Editor\\Unity.exe -projectpath C:\\Users\\asmar\\Desktop\\ICAI\\Unity\\ML-Agents-Demo -useHub -hubIPC -cloudEnvironment production -licensingIpc LicenseClient-asmar -hubSessionId 9f4b3952-5a2b-4cd2-8c1e-ec362f95d5a7 -accessToken p5Y2vCxTUardFJoIdEsWiNc2evuR4j8ZXt617xGGyNk006f","communication_protocol_version":"1.5.0","com.unity.ml-agents_version":"2.0.1","scene_name":"S_MoveToGoal","end_time_seconds":"1700220198"}}