{
    "name": "root",
    "gauges": {
        "MoveToGoal.Policy.Entropy.mean": {
            "value": 0.5679832100868225,
            "min": 0.5679832100868225,
            "max": 1.3770400285720825,
            "count": 10
        },
        "MoveToGoal.Policy.Entropy.sum": {
            "value": 28401.431640625,
            "min": 28401.431640625,
            "max": 69435.8671875,
            "count": 10
        },
        "MoveToGoal.Environment.EpisodeLength.mean": {
            "value": 16.279889426399446,
            "min": 15.873101586230172,
            "max": 473.81081081081084,
            "count": 10
        },
        "MoveToGoal.Environment.EpisodeLength.sum": {
            "value": 47114.0,
            "min": 44285.0,
            "max": 52593.0,
            "count": 10
        },
        "MoveToGoal.Step.mean": {
            "value": 499984.0,
            "min": 49987.0,
            "max": 499984.0,
            "count": 10
        },
        "MoveToGoal.Step.sum": {
            "value": 499984.0,
            "min": 49987.0,
            "max": 499984.0,
            "count": 10
        },
        "MoveToGoal.Policy.ExtrinsicValueEstimate.mean": {
            "value": 1.7334859371185303,
            "min": 0.6711254119873047,
            "max": 1.8390240669250488,
            "count": 10
        },
        "MoveToGoal.Policy.ExtrinsicValueEstimate.sum": {
            "value": 5023.64208984375,
            "min": 592.603759765625,
            "max": 5460.0625,
            "count": 10
        },
        "MoveToGoal.Environment.CumulativeReward.mean": {
            "value": 1.9190407705035655,
            "min": 0.7923989988877579,
            "max": 2.009171426640253,
            "count": 10
        },
        "MoveToGoal.Environment.CumulativeReward.sum": {
            "value": 5553.703989837319,
            "min": 156.89500177977607,
            "max": 5928.821989726275,
            "count": 10
        },
        "MoveToGoal.Policy.ExtrinsicReward.mean": {
            "value": 1.9190407705035655,
            "min": 0.7923989988877579,
            "max": 2.009171426640253,
            "count": 10
        },
        "MoveToGoal.Policy.ExtrinsicReward.sum": {
            "value": 5553.703989837319,
            "min": 156.89500177977607,
            "max": 5928.821989726275,
            "count": 10
        },
        "MoveToGoal.Losses.PolicyLoss.mean": {
            "value": 0.023654819301639995,
            "min": 0.021304320315054307,
            "max": 0.027441358535240094,
            "count": 10
        },
        "MoveToGoal.Losses.PolicyLoss.sum": {
            "value": 0.11827409650819998,
            "min": 0.08521728126021723,
            "max": 0.13720679267620048,
            "count": 10
        },
        "MoveToGoal.Losses.ValueLoss.mean": {
            "value": 0.05182339494427045,
            "min": 0.005664204377292966,
            "max": 0.08100586772585908,
            "count": 10
        },
        "MoveToGoal.Losses.ValueLoss.sum": {
            "value": 0.25911697472135226,
            "min": 0.022656817509171864,
            "max": 0.35566575874884926,
            "count": 10
        },
        "MoveToGoal.Policy.LearningRate.mean": {
            "value": 1.655301448236e-05,
            "min": 1.655301448236e-05,
            "max": 0.00028454895515034995,
            "count": 10
        },
        "MoveToGoal.Policy.LearningRate.sum": {
            "value": 8.27650724118e-05,
            "min": 8.27650724118e-05,
            "max": 0.0012839244720251996,
            "count": 10
        },
        "MoveToGoal.Policy.Epsilon.mean": {
            "value": 0.10551764000000004,
            "min": 0.10551764000000004,
            "max": 0.19484965000000004,
            "count": 10
        },
        "MoveToGoal.Policy.Epsilon.sum": {
            "value": 0.5275882000000002,
            "min": 0.5000086000000001,
            "max": 0.9279748000000001,
            "count": 10
        },
        "MoveToGoal.Policy.Beta.mean": {
            "value": 0.00028533023599999996,
            "min": 0.00028533023599999996,
            "max": 0.004742997535,
            "count": 10
        },
        "MoveToGoal.Policy.Beta.sum": {
            "value": 0.0014266511799999998,
            "min": 0.0014266511799999998,
            "max": 0.021405942520000002,
            "count": 10
        },
        "MoveToGoal.IsTraining.mean": {
            "value": 1.0,
            "min": 1.0,
            "max": 1.0,
            "count": 10
        },
        "MoveToGoal.IsTraining.sum": {
            "value": 1.0,
            "min": 1.0,
            "max": 1.0,
            "count": 10
        }
    },
    "metadata": {
        "timer_format_version": "0.1.0",
        "start_time_seconds": "1685219760",
        "python_version": "3.7.9 (tags/v3.7.9:13c94747c7, Aug 17 2020, 18:58:18) [MSC v.1900 64 bit (AMD64)]",
        "command_line_arguments": "C:\\PROYECTOS PERSONALES\\ICAI\\Unity\\ML-Agents-Demo\\venv\\Scripts\\mlagents-learn --run-id=MoveToGoal --force",
        "mlagents_version": "0.29.0",
        "mlagents_envs_version": "0.29.0",
        "communication_protocol_version": "1.5.0",
        "pytorch_version": "1.7.1+cu110",
        "numpy_version": "1.21.2",
        "end_time_seconds": "1685220046"
    },
    "total": 286.8406179,
    "count": 1,
    "self": 0.008265699999924436,
    "children": {
        "run_training.setup": {
            "total": 0.04282230000000009,
            "count": 1,
            "self": 0.04282230000000009
        },
        "TrainerController.start_learning": {
            "total": 286.78952990000005,
            "count": 1,
            "self": 0.5383302999990747,
            "children": {
                "TrainerController._reset_env": {
                    "total": 7.7481119,
                    "count": 1,
                    "self": 7.7481119
                },
                "TrainerController.advance": {
                    "total": 278.46858770000097,
                    "count": 41678,
                    "self": 0.5071438000081798,
                    "children": {
                        "env_step": {
                            "total": 180.5267490999988,
                            "count": 41678,
                            "self": 97.63440709999797,
                            "children": {
                                "SubprocessEnvManager._take_step": {
                                    "total": 82.61454160000135,
                                    "count": 41678,
                                    "self": 1.4181386000006881,
                                    "children": {
                                        "TorchPolicy.evaluate": {
                                            "total": 81.19640300000066,
                                            "count": 41678,
                                            "self": 40.862978400001865,
                                            "children": {
                                                "TorchPolicy.sample_actions": {
                                                    "total": 40.33342459999879,
                                                    "count": 41678,
                                                    "self": 40.33342459999879
                                                }
                                            }
                                        }
                                    }
                                },
                                "workers": {
                                    "total": 0.2778003999994727,
                                    "count": 41678,
                                    "self": 0.0,
                                    "children": {
                                        "worker_root": {
                                            "total": 280.2131709000017,
                                            "count": 41678,